idItem,type,instance
30,transcription_rev,Herve Salmon
30,transcription_rev,Luciana Farias
30,translation_rev,Alexandre Caroli
30,translation_rev,Fábio Fortes
30,translation_rev,Humberto Schubert Coelho
31,transcription_rev,Luciana Farias
31,transcription_rev,Philippe Gilbert
31,transcription_rev,Herve Salmon
31,translation_rev,Brutus Abel
31,translation_rev,Fábio Fortes
31,translation_rev,Humberto Schubert Coelho
32,transcription_rev,Brutus Abel
32,transcription_rev,Philippe Gilbert
32,translation_rev,Alexandre Caroli
32,translation_rev,Fábio Fortes
32,translation_rev,Humberto Schubert Coelho
33,transcription_rev,Brutus Abel
33,transcription_rev,Luciana Farias
33,transcription_rev,Philippe Gilbert
33,translation_rev,Alexandre Caroli
33,translation_rev,Fábio Fortes
33,translation_rev,Humberto Schubert Coelho
34,transcription_rev,Brutus Abel
34,transcription_rev,Herve Salmon
34,transcription_rev,Philippe Gilbert
34,translation_rev,Alexandre Caroli
34,translation_rev,Fábio Fortes
34,translation_rev,Humberto Schubert Coelho
35,transcription_rev,Brutus Abel
35,transcription_rev,Philippe Gilbert
35,translation_rev,Alexandre Caroli
35,translation_rev,Herve Salmon
35,translation_rev,Humberto Schubert Coelho
36,transcription_rev,Brutus Abel
36,transcription_rev,Luciana Farias
36,translation_rev,Alexandre Caroli
36,translation_rev,Luciana Farias
36,translation_rev,Humberto Schubert Coelho
37,transcription_rev,Brutus Abel
37,transcription_rev,Luciana Farias
37,translation_rev,Alexandre Caroli
37,translation_rev,Humberto Schubert Coelho
38,transcription_rev,Brutus Abel
38,transcription_rev,Herve Salmon
38,translation_rev,Alexandre Caroli
38,translation_rev,Humberto Schubert Coelho
39,transcription_rev,Brutus Abel
39,transcription_rev,Herve Salmon
39,translation_rev,Alexandre Caroli
39,translation_rev,Humberto Schubert Coelho
40,transcription_rev,Brutus Abel
40,transcription_rev,Herve Salmon
40,transcription_rev,Luciana Farias
40,translation_rev,Alexandre Caroli
40,translation_rev,Luciana Farias
40,translation_rev,Humberto Schubert Coelho
41,transcription_rev,Fábio Fortes
41,transcription_rev,Philippe Gilbert
41,translation_rev,Humberto Schubert Coelho
41,translation_rev,Fábio Fortes
41,translation_rev,Humberto Schubert Coelho
42,transcription_rev,Brutus Abel
42,transcription_rev,Herve Salmon
42,translation_rev,Alexandre Caroli
42,translation_rev,Humberto Schubert Coelho
43,transcription_rev,Brutus Abel
43,transcription_rev,Humberto Schubert Coelho
43,translation_rev,Alexandre Caroli
43,translation_rev,Humberto Schubert Coelho
44,transcription_rev,Brutus Abel
44,transcription_rev,Luciana Farias
44,transcription_rev,Philippe Gilbert
44,translation_rev,Alexandre Caroli
44,translation_rev,Humberto Schubert Coelho
45,transcription_rev,Brutus Abel
45,transcription_rev,Luciana Farias
45,transcription_rev,Philippe Gilbert
45,translation_rev,Alexandre Caroli
45,translation_rev,Humberto Schubert Coelho
46,transcription_rev,Herve Salmon
46,transcription_rev,Humberto Schubert Coelho
46,translation_rev,Herve Salmon
46,translation_rev,Humberto Schubert Coelho
47,transcription_rev,Alexandre Caroli
47,transcription_rev,Brutus Abel
47,transcription_rev,Philippe Gilbert
47,translation_rev,Alexandre Caroli
47,translation_rev,Brutus Abel
47,translation_rev,Humberto Schubert Coelho
48,transcription_rev,Alexandre Caroli
48,transcription_rev,Brutus Abel
48,transcription_rev,Philippe Gilbert
48,translation_rev,Alexandre Caroli
48,translation_rev,Brutus Abel
48,translation_rev,Humberto Schubert Coelho
49,transcription_rev,Brutus Abel
49,transcription_rev,Luciana Farias
49,transcription_rev,Philippe Gilbert
49,translation_rev,Alexandre Caroli
49,translation_rev,Humberto Schubert Coelho
50,transcription_rev,Brutus Abel
50,transcription_rev,Luciana Farias
50,transcription_rev,Philippe Gilbert
50,translation_rev,Alexandre Caroli
50,translation_rev,Humberto Schubert Coelho
51,transcription_rev,Brutus Abel
51,transcription_rev,Luciana Farias
51,transcription_rev,Philippe Gilbert
51,translation_rev,Alexandre Caroli
51,translation_rev,Humberto Schubert Coelho
52,transcription_rev,Brutus Abel
52,transcription_rev,Luciana Farias
52,transcription_rev,Philippe Gilbert
52,translation_rev,Herve Salmon
52,translation_rev,Humberto Schubert Coelho
53,transcription_rev,Brutus Abel
53,transcription_rev,Luciana Farias
53,transcription_rev,Philippe Gilbert
53,translation_rev,Alexandre Caroli
53,translation_rev,Humberto Schubert Coelho
54,transcription_rev,Brutus Abel
54,transcription_rev,Luciana Farias
54,transcription_rev,Philippe Gilbert
54,translation_rev,Alexandre Caroli
54,translation_rev,Humberto Schubert Coelho
55,transcription_rev,Brutus Abel
55,transcription_rev,Luciana Farias
55,transcription_rev,Philippe Gilbert
55,translation_rev,Alexandre Caroli
55,translation_rev,Humberto Schubert Coelho
56,transcription_rev,Brutus Abel
56,transcription_rev,Luciana Farias
56,transcription_rev,Philippe Gilbert
56,translation_rev,Alexandre Caroli
56,translation_rev,Fábio Fortes
56,translation_rev,Humberto Schubert Coelho
57,transcription_rev,Brutus Abel
57,transcription_rev,Luciana Farias
57,transcription_rev,Philippe Gilbert
57,translation_rev,Alexandre Caroli
57,translation_rev,Fábio Fortes
57,translation_rev,Humberto Schubert Coelho
58,transcription_rev,Brutus Abel
58,transcription_rev,Luciana Farias
58,translation_rev,Alexandre Caroli
58,translation_rev,Fábio Fortes
59,transcription_rev,Brutus Abel
59,transcription_rev,Luciana Farias
59,transcription_rev,Philippe Gilbert
59,translation_rev,Alexandre Caroli
59,translation_rev,Fábio Fortes
61,transcription_rev,Leandro Silva Pimenta
61,transcription_rev,Marcelo Gulão
61,transcription_rev,Philippe Gilbert
61,translation_rev,Brutus Abel
61,translation_rev,Fabio Fortes
63,transcription_rev,Brutus Abel
63,transcription_rev,Philippe Gilbert
63,translation_rev,Leandro Silva Pimenta
63,translation_rev,Marcelo Gulão
63,translation_rev,Fabio Fortes
64,transcription_rev,Philippe Gilbert
64,translation_rev,Fabio Fortes
64,translation_rev,Philippe Gilbert
65,transcription_rev,Brutus Abel
65,transcription_rev,Marcelo Gulão
65,translation_rev,Brutus Abel
65,translation_rev,Marcelo Gulão
65,translation_rev,Fabio Fortes
66,transcription_rev,Brutus Abel
66,transcription_rev,Fabio Fortes
66,transcription_rev,Philippe Gilbert
66,translation_rev,Brutus Abel
66,translation_rev,Fabio Fortes
66,translation_rev,Humberto Schubert Coelho
67,transcription_rev,Brutus Abel
67,transcription_rev,Fabio Fortes
67,transcription_rev,Philippe Gilbert
67,translation_rev,Brutus Abel
67,translation_rev,Fabio Fortes
67,translation_rev,Humberto Schubert Coelho
68,transcription_rev,Brutus Abel
68,transcription_rev,Fabio Fortes
68,translation_rev,Brutus Abel
68,translation_rev,Fabio Fortes
68,translation_rev,Humberto Schubert Coelho
69,transcription_rev,Brutus Abel
69,transcription_rev,Dmitri Cerboncini
69,transcription_rev,Fabio Fortes
69,translation_rev,Brutus Abel
69,translation_rev,Dmitri Cerboncini
69,translation_rev,Fabio Fortes
70,transcription_rev,Dmitri Cerboncini
70,transcription_rev,Fabio Fortes
70,translation_rev,Dmitri Cerboncini
70,translation_rev,Fabio Fortes
70,translation_rev,Humberto Schubert Coelho
71,transcription_rev,Brutus Abel
71,transcription_rev,Fabio Fortes
71,translation_rev,Brutus Abel
71,translation_rev,Fabio Fortes
71,translation_rev,Humberto Schubert Coelho
72,transcription_rev,Brutus Abel
72,transcription_rev,Fabio Fortes
72,transcription_rev,Philippe Gilbert
72,translation_rev,Alexandre Caroli
72,translation_rev,Brutus Abel
72,translation_rev,Humberto Schubert Coelho
73,transcription_rev,Fabio Fortes
73,transcription_rev,Philippe Gilbert
73,translation_rev,Brutus Abel
73,translation_rev,Fabio Fortes
74,transcription_rev,Brutus Abel
74,transcription_rev,Fabio Fortes
74,transcription_rev,Philippe Gilbert
74,translation_rev,Alexandre Caroli
74,translation_rev,Brutus Abel
74,translation_rev,Humberto Schubert Coelho
75,transcription_rev,Brutus Abel
75,transcription_rev,Fabio Fortes
75,translation_rev,Alexandre Caroli
75,translation_rev,Brutus Abel
75,translation_rev,Humberto Schubert Coelho
76,transcription_rev,Brutus Abel
76,transcription_rev,Fabio Fortes
76,translation_rev,Brutus Abel
77,transcription_rev,Brutus Abel
77,transcription_rev,Philippe Gilbert
77,translation_rev,Alexandre Caroli
77,translation_rev,Brutus Abel
77,translation_rev,Humberto Schubert Coelho
78,transcription_rev,Brutus Abel
78,transcription_rev,Luciana Farias
78,transcription_rev,Philippe Gilbert
78,translation_rev,Brutus Abel
78,translation_rev,Fabio Fortes
78,translation_rev,Humberto Schubert Coelho
80,transcription_rev,Brutus Abel
80,transcription_rev,Marcelo Gulão
80,translation_rev,Marcelo Gulão
80,translation_rev,Fabio Fortes
80,translation_rev,Humberto Schubert Coelho
81,transcription_rev,Canuto Abreu
81,translation_rev,Humberto Schubert Coelho
82,translation_rev,Humberto Schubert Coelho
83,transcription_rev,Victor Saliba
83,translation_rev,Alexandre Caroli
84,transcription_rev,Philippe Gilbert
84,translation_rev,Alexandre Caroli
84,translation_rev,Marcelo Gulão
85,transcription_rev,Victor Saliba
85,translation_rev,Alexandre Caroli
86,transcription_rev,Brutus Abel
86,translation_rev,Alexandre Caroli
87,transcription_rev,Philippe Gilbert
87,transcription_rev,Victor Saliba
87,translation_rev,Alexandre Caroli
115,transcription_rev,Philippe Gilbert
115,translation_rev,Alexandre Caroli
120,transcription_rev,Charles Kempf
120,translation_rev,Brutus Abel
124,transcription_rev,Charles Kempf
124,translation_rev,Alexandre Caroli
124,translation_rev,Marcelo Gulão
126,transcription_rev,Philippe Gilbert
126,translation_rev,Alexandre Caroli
140,transcription_rev,Alexandre Caroli
140,transcription_rev,Philippe Gilbert
140,translation_rev,Alexandre Caroli
141,transcription_rev,Charles Kempf
141,transcription_rev,Victor Saliba
141,translation_rev,Alexandre Caroli
141,translation_rev,Luís Lira
142,transcription_rev,Charles Kempf
142,translation_rev,Alexandre Caroli
144,transcription_rev,Charles Kempf
144,transcription_rev,Philippe Gilbert
144,translation_rev,Alexandre Caroli
144,translation_rev,Fábio Fortes
145,transcription_rev,Brutus Abel
145,translation_rev,Brutus Abel
145,translation_rev,Philippe Gilbert
149,transcription_rev,Brutus Abel
149,translation_rev,Alexandre Caroli
154,transcription_rev,Brutus Abel
154,transcription_rev,Fábio Fortes
154,translation_rev,Brutus Abel
154,translation_rev,Fábio Fortes
154,translation_rev,Humberto Schubert Coelho
154,translation_rev,Silvio Chibeni
155,transcription_rev,Brutus Abel
155,transcription_rev,Fábio Fortes
155,translation_rev,Brutus Abel
155,translation_rev,Fábio Fortes
155,translation_rev,Humberto Schubert Coelho
155,translation_rev,Silvio Chibeni
156,transcription_rev,Brutus Abel
156,transcription_rev,Fábio Fortes
156,translation_rev,Fábio Fortes
156,translation_rev,Humberto Schubert Coelho
156,translation_rev,Silvio Chibeni
157,transcription_rev,Brutus Abel
157,transcription_rev,Fábio Fortes
157,translation_rev,Brutus Abel
157,translation_rev,Fábio Fortes
157,translation_rev,Humberto Schubert Coelho
158,transcription_rev,Brutus Abel
158,transcription_rev,Fábio Fortes
158,translation_rev,Brutus Abel
158,translation_rev,Fábio Fortes
158,translation_rev,Humberto Schubert Coelho
159,transcription_rev,Brutus Abel
159,transcription_rev,Fábio Fortes
159,translation_rev,Brutus Abel
159,translation_rev,Fábio Fortes
159,translation_rev,Humberto Schubert Coelho
160,transcription_rev,Brutus Abel
160,transcription_rev,Fábio Fortes
160,translation_rev,Brutus Abel
160,translation_rev,Fábio Fortes
160,translation_rev,Humberto Schubert Coelho
161,transcription_rev,Brutus Abel
161,transcription_rev,Fábio Fortes
161,translation_rev,Brutus Abel
161,translation_rev,Fábio Fortes
161,translation_rev,Humberto Schubert Coelho
162,transcription_rev,Brutus Abel
162,transcription_rev,Fábio Fortes
162,translation_rev,Brutus Abel
162,translation_rev,Fábio Fortes
162,translation_rev,Humberto Schubert Coelho
163,transcription_rev,Brutus Abel
163,transcription_rev,Fábio Fortes
163,translation_rev,Brutus Abel
163,translation_rev,Fábio Fortes
163,translation_rev,Humberto Schubert Coelho
164,transcription_rev,Alexandre Caroli
164,transcription_rev,Brutus Abel
164,translation_rev,Brutus Abel
164,translation_rev,Fábio Fortes
164,translation_rev,Humberto Schubert Coelho
165,transcription_rev,Brutus Abel
165,transcription_rev,Fábio Fortes
165,translation_rev,Brutus Abel
165,translation_rev,Fábio Fortes
165,translation_rev,Humberto Schubert Coelho
166,transcription_rev,Brutus Abel
166,transcription_rev,Fábio Fortes
166,translation_rev,Brutus Abel
166,translation_rev,Fábio Fortes
166,translation_rev,Humberto Schubert Coelho
167,transcription_rev,Brutus Abel
167,transcription_rev,Fábio Fortes
167,translation_rev,Brutus Abel
167,translation_rev,Fábio Fortes
167,translation_rev,Humberto Schubert Coelho
168,transcription_rev,Brutus Abel
168,transcription_rev,Fábio Fortes
168,translation_rev,Brutus Abel
168,translation_rev,Fábio Fortes
169,transcription_rev,Brutus Abel
169,transcription_rev,Fábio Fortes
169,translation_rev,Brutus Abel
169,translation_rev,Fábio Fortes
169,translation_rev,Humberto Schubert Coelho
170,transcription_rev,Brutus Abel
170,transcription_rev,Fábio Fortes
170,translation_rev,Brutus Abel
170,translation_rev,Fábio Fortes
170,translation_rev,Humberto Schubert Coelho
171,transcription_rev,Brutus Abel
171,transcription_rev,Alexandre Caroli
171,translation_rev,Brutus Abel
171,translation_rev,Fábio Fortes
171,translation_rev,Humberto Schubert Coelho
172,transcription_rev,Brutus Abel
172,transcription_rev,Alexandre Caroli
172,translation_rev,Brutus Abel
172,translation_rev,Fábio Fortes
172,translation_rev,Humberto Schubert Coelho
173,transcription_rev,Brutus Abel
173,transcription_rev,Fábio Fortes
173,translation_rev,Brutus Abel
173,translation_rev,Fábio Fortes
173,translation_rev,Humberto Schubert Coelho
174,transcription_rev,Brutus Abel
174,transcription_rev,Fábio Fortes
174,translation_rev,Brutus Abel
174,translation_rev,Fábio Fortes
174,translation_rev,Humberto Schubert Coelho
175,transcription_rev,Brutus Abel
175,transcription_rev,Fábio Fortes
175,translation_rev,Brutus Abel
175,translation_rev,Fábio Fortes
175,translation_rev,Humberto Schubert Coelho
176,transcription_rev,Fábio Fortes
176,translation_rev,Brutus Abel
176,translation_rev,Fábio Fortes
177,transcription_rev,Brutus Abel
177,transcription_rev,Valquíria Maria Cavalcante de Moura
177,translation_rev,Brutus Abel
177,translation_rev,Fábio Fortes
177,translation_rev,Valquíria Maria Cavalcante de Moura
178,transcription_rev,Brutus Abel
178,transcription_rev,Fábio Fortes
178,translation_rev,Brutus Abel
178,translation_rev,Fábio Fortes
178,translation_rev,Humberto Schubert Coelho
179,transcription_rev,Brutus Abel
179,transcription_rev,Fábio Fortes
179,translation_rev,Brutus Abel
179,translation_rev,Sílvio Chibeni
179,translation_rev,Humberto Schubert Coelho
180,transcription_rev,Brutus Abel
180,transcription_rev,Fábio Fortes
180,translation_rev,Brutus Abel
180,translation_rev,Silvio Chibeni
180,translation_rev,Humberto Schubert Coelho
182,transcription_rev,Alexandre Caroli
182,transcription_rev,Brutus Abel
182,transcription_rev,Charles Kempf
182,translation_rev,Brutus Abel
183,transcription_rev,Philippe Gilbert
183,translation_rev,Alexandre Caroli
183,translation_rev,Brutus Abel
184,transcription_rev,Philippe Gilbert
184,translation_rev,Alexandre Caroli
185,transcription_rev,Brutus Abel
185,transcription_rev,Fábio Fortes
185,translation_rev,Brutus Abel
185,translation_rev,Valquíria Maria Cavalcante de Moura
185,translation_rev,Humberto Schubert Coelho
186,transcription_rev,Brutus Abel
186,transcription_rev,Fábio Fortes
186,translation_rev,Brutus Abel
186,translation_rev,Fábio Fortes
186,translation_rev,Humberto Schubert Coelho
187,transcription_rev,Brutus Abel
187,transcription_rev,Valquíria Maria Cavalcante de Moura
187,translation_rev,Brutus Abel
187,translation_rev,Valquíria Maria Cavalcante de Moura
187,translation_rev,Humberto Schubert Coelho
188,transcription_rev,Brutus Abel
188,translation_rev,Brutus Abel
188,translation_rev,Alexandre Caroli
191,transcription_rev,Brutus Abel
191,transcription_rev,Philippe Gilbert
191,translation_rev,Brutus Abel
191,translation_rev,Alexandre Caroli
192,transcription_rev,Brutus Abel
192,transcription_rev,Isabela Monteiro
192,transcription_rev,Philippe Gilbert
192,translation_rev,Brutus Abel
192,translation_rev,Alexandre Caroli
193,transcription_rev,Brutus Abel
193,transcription_rev,Isabela Monteiro
193,transcription_rev,Philippe Gilbert
193,translation_rev,Brutus Abel
193,translation_rev,Alexandre Caroli
205,transcription_rev,Brutus Abel
205,transcription_rev,Charles Kempf
205,translation_rev,Alexandre Caroli
205,translation_rev,Brutus Abel
206,transcription_rev,Brutus Abel
206,transcription_rev,Fábio Fortes
206,transcription_rev,Charles Kempf
206,translation_rev,Alexandre Caroli
206,translation_rev,Brutus Abel
207,transcription_rev,Brutus Abel
207,transcription_rev,Charles Kempf
207,translation_rev,Alexandre Caroli
207,translation_rev,Brutus Abel
208,transcription_rev,Brutus Abel
208,transcription_rev,Charles Kempf
208,translation_rev,Alexandre Caroli
209,transcription_rev,Brutus Abel
209,transcription_rev,Charles Kempf
209,translation_rev,Alexandre Caroli
210,transcription_rev,Alexandre Caroli
210,transcription_rev,Brutus Abel
210,translation_rev,Brutus Abel
210,translation_rev,Alexandre Caroli
211,transcription_rev,Alexandre Caroli
211,transcription_rev,Brutus Abel
211,translation_rev,Alexandre Caroli
211,translation_rev,Brutus Abel
218,transcription_rev,Philippe Gilbert
218,translation_rev,Alexandre Caroli
219,transcription_rev,Alexandre Caroli
219,transcription_rev,Brutus Abel
219,transcription_rev,Humberto Schubert Coelho
219,translation_rev,Alexandre Caroli
219,translation_rev,Brutus Abel
220,transcription_rev,Alexandre Caroli
220,transcription_rev,Brutus Abel
220,transcription_rev,Humberto Schubert Coelho
220,translation_rev,Alexandre Caroli
220,translation_rev,Brutus Abel
221,transcription_rev,Alexandre Caroli
221,transcription_rev,Brutus Abel
221,translation_rev,Alexandre Caroli
221,translation_rev,Brutus Abel
222,transcription_rev,Alexandre Caroli
222,transcription_rev,Brutus Abel
222,translation_rev,Alexandre Caroli
222,translation_rev,Brutus Abel
223,transcription_rev,Alexandre Caroli
223,transcription_rev,Brutus Abel
223,transcription_rev,Humberto Schubert Coelho
223,translation_rev,Alexandre Caroli
223,translation_rev,Brutus Abel
224,transcription_rev,Charles Kempf
224,translation_rev,Alexandre Caroli
225,transcription_rev,Brutus Abel
225,transcription_rev,Charles Kempf
225,translation_rev,Alexandre Caroli
225,translation_rev,Brutus Abel
226,transcription_rev,Alexandre Caroli
226,translation_rev,Alexandre Caroli
226,translation_rev,Brutus Abel
227,transcription_rev,Alexandre Caroli
227,translation_rev,Alexandre Caroli
227,translation_rev,Brutus Abel
228,transcription_rev,Alexandre Caroli
228,translation_rev,Alexandre Caroli
228,translation_rev,Brutus Abel
229,transcription_rev,Alexandre Caroli
229,translation_rev,Philippe Gilbert
230,transcription_rev,Brutus Abel
230,translation_rev,Brutus Abel
230,translation_rev,Alexandre Caroli
231,transcription_rev,Brutus Abel
231,translation_rev,Brutus Abel
231,translation_rev,Alexandre Caroli
232,transcription_rev,Brutus Abel
232,translation_rev,Brutus Abel
233,transcription_rev,Brutus Abel
233,translation_rev,Brutus Abel
233,translation_rev,Alexandre Caroli
234,transcription_rev,Brutus Abel
234,translation_rev,Brutus Abel
235,transcription_rev,Brutus Abel
235,translation_rev,Brutus Abel
236,transcription_rev,Philippe Gilbert
236,transcription_rev,Brutus Abel
236,translation_rev,Alexandre Caroli
236,translation_rev,Brutus Abel
237,transcription_rev,Brutus Abel
237,transcription_rev,Guilherme Padilha
237,translation_rev,Alexandre Caroli
237,translation_rev,Brutus Abel
237,translation_rev,Guilherme Padilha
238,transcription_rev,Brutus Abel
238,translation_rev,Brutus Abel
238,translation_rev,Charles Kempf
238,translation_rev,Alexandre Caroli
239,transcription_rev,Brutus Abel
239,translation_rev,Brutus Abel
239,translation_rev,Alexandre Caroli
240,transcription_rev,Brutus Abel
240,translation_rev,Brutus Abel
240,translation_rev,Alexandre Caroli
241,transcription_rev,Brutus Abel
241,translation_rev,Brutus Abel
241,translation_rev,Alexandre Caroli
242,transcription_rev,Brutus Abel
242,translation_rev,Brutus Abel
242,translation_rev,Alexandre Caroli
243,transcription_rev,Brutus Abel
243,translation_rev,Brutus Abel
243,translation_rev,Alexandre Caroli
244,transcription_rev,Brutus Abel
244,translation_rev,Alexandre Caroli
245,transcription_rev,Brutus Abel
245,translation_rev,Brutus Abel
246,transcription_rev,Brutus Abel
246,translation_rev,Brutus Abel
246,translation_rev,Alexandre Caroli
247,transcription_rev,Brutus Abel
247,translation_rev,Alexandre Caroli
248,transcription_rev,Brutus Abel
248,transcription_rev,Jacques Peccatte
248,translation_rev,Alexandre Caroli
248,translation_rev,Brutus Abel
249,transcription_rev,Brutus Abel
249,transcription_rev,Jacques Peccatte
249,translation_rev,Alexandre Caroli
250,transcription_rev,Brutus Abel
250,transcription_rev,Jacques Peccatte
250,translation_rev,Alexandre Caroli
250,translation_rev,Brutus Abel
251,transcription_rev,Brutus Abel
251,transcription_rev,Jacques Peccatte
251,translation_rev,Alexandre Caroli
251,translation_rev,Brutus Abel
252,transcription_rev,Brutus Abel
252,transcription_rev,Jacques Peccatte
252,translation_rev,Alexandre Caroli
252,translation_rev,Brutus Abel
253,transcription_rev,Brutus Abel
253,transcription_rev,Jacques Peccatte
253,translation_rev,Brutus Abel
253,translation_rev,Alexandre Caroli
254,transcription_rev,Brutus Abel
254,transcription_rev,Jacques Peccatte
254,translation_rev,Alexandre Caroli
255,transcription_rev,Brutus Abel
255,transcription_rev,Jacques Peccatte
255,translation_rev,Brutus Abel
255,translation_rev,Alexandre Caroli
256,transcription_rev,Brutus Abel
256,transcription_rev,Jacques Peccatte
256,translation_rev,Brutus Abel
256,translation_rev,Alexandre Caroli
257,transcription_rev,Brutus Abel
257,transcription_rev,Jacques Peccatte
257,translation_rev,Alexandre Caroli
257,translation_rev,Brutus Abel
259,transcription_rev,Brutus Abel
259,transcription_rev,Charles Kempf
259,translation_rev,Alexandre Caroli
260,transcription_rev,Alexandre Caroli
260,transcription_rev,Brutus Abel
260,transcription_rev,Jacques Peccatte
260,translation_rev,Alexandre Caroli
260,translation_rev,Brutus Abel
261,transcription_rev,Brutus Abel
261,transcription_rev,Charles Kempf
261,transcription_rev,Jacques Peccatte
261,translation_rev,Brutus Abel
261,translation_rev,Alexandre Caroli
262,transcription_rev,Brutus Abel
262,transcription_rev,Jacques Peccatte
262,translation_rev,Brutus Abel
262,translation_rev,Alexandre Caroli
263,transcription_rev,Brutus Abel
263,transcription_rev,Jacques Peccatte
263,translation_rev,Brutus Abel
263,translation_rev,Alexandre Caroli
264,transcription_rev,Brutus Abel
264,transcription_rev,Jacques Peccatte
264,transcription_rev,Philippe Gilbert
264,translation_rev,Alexandre Caroli
265,transcription_rev,Brutus Abel
265,transcription_rev,Charles Kempf
265,translation_rev,Brutus Abel
265,translation_rev,Alexandre Caroli
266,transcription_rev,Brutus Abel
266,translation_rev,Brutus Abel
266,translation_rev,Alexandre Caroli
267,transcription_rev,Brutus Abel
267,transcription_rev,Charles Kempf
267,translation_rev,Alexandre Caroli
267,translation_rev,Brutus Abel
268,transcription_rev,Brutus Abel
268,transcription_rev,Jacques Peccatte
268,translation_rev,Brutus Abel
268,translation_rev,Alexandre Caroli
269,transcription_rev,Brutus Abel
269,translation_rev,Alexandre Caroli
269,translation_rev,Brutus Abel
270,transcription_rev,Brutus Abel
270,translation_rev,Alexandre Caroli
270,translation_rev,Brutus Abel
271,transcription_rev,Brutus Abel
271,translation_rev,Alexandre Caroli
271,translation_rev,Brutus Abel
272,transcription_rev,Brutus Abel
272,translation_rev,Alexandre Caroli
272,translation_rev,Brutus Abel
273,transcription_rev,Brutus Abel
273,translation_rev,Brutus Abel
273,translation_rev,Alexandre Caroli
274,transcription_rev,Brutus Abel
274,translation_rev,Brutus Abel
274,translation_rev,Alexandre Caroli
275,transcription_rev,Brutus Abel
275,translation_rev,Alexandre Caroli
275,translation_rev,Brutus Abel
276,transcription_rev,Brutus Abel
276,translation_rev,Alexandre Caroli
276,translation_rev,Brutus Abel
277,transcription_rev,Brutus Abel
277,translation_rev,Alexandre Caroli
277,translation_rev,Brutus Abel
278,transcription_rev,Brutus Abel
278,transcription_rev,Charles Kempf
278,translation_rev,Brutus Abel
278,translation_rev,Alexandre Caroli
279,transcription_rev,Brutus Abel
279,transcription_rev,Charles Kempf
279,translation_rev,Brutus Abel
279,translation_rev,Alexandre Caroli
280,transcription_rev,Charles Kempf
280,transcription_rev,Philippe Gilbert
280,translation_rev,Alexandre Caroli
281,transcription_rev,Brutus Abel
281,translation_rev,Alexandre Caroli
281,translation_rev,Brutus Abel
282,transcription_rev,Brutus Abel
282,translation_rev,Alexandre Caroli
282,translation_rev,Brutus Abel
283,transcription_rev,Brutus Abel
283,translation_rev,Alexandre Caroli
283,translation_rev,Brutus Abel
284,transcription_rev,Brutus Abel
284,translation_rev,Alexandre Caroli
284,translation_rev,Brutus Abel
285,transcription_rev,Brutus Abel
285,translation_rev,Alexandre Caroli
285,translation_rev,Brutus Abel
286,transcription_rev,Brutus Abel
286,translation_rev,Alexandre Caroli
286,translation_rev,Brutus Abel
288,transcription_rev,Brutus Abel
288,transcription_rev,Charles Kempf
288,translation_rev,Brutus Abel
288,translation_rev,Humberto Schubert Coelho
289,transcription_rev,Brutus Abel
289,transcription_rev,Charles Kempf
289,translation_rev,Brutus Abel
289,translation_rev,Humberto Schubert Coelho
290,transcription_rev,Brutus Abel
290,transcription_rev,Charles Kempf
290,translation_rev,Brutus Abel
290,translation_rev,Humberto Schubert Coelho
291,transcription_rev,Brutus Abel
291,transcription_rev,Charles Kempf
291,translation_rev,Brutus Abel
291,translation_rev,Humberto Schubert Coelho
292,transcription_rev,Brutus Abel
292,transcription_rev,Charles Kempf
292,translation_rev,Brutus Abel
292,translation_rev,Humberto Schubert Coelho
293,transcription_rev,Brutus Abel
293,transcription_rev,Charles Kempf
293,translation_rev,Brutus Abel
293,translation_rev,Humberto Schubert Coelho
294,transcription_rev,Brutus Abel
294,transcription_rev,Charles Kempf
294,translation_rev,Brutus Abel
294,translation_rev,Humberto Schubert Coelho
295,transcription_rev,Brutus Abel
295,transcription_rev,Charles Kempf
295,translation_rev,Brutus Abel
295,translation_rev,Humberto Schubert Coelho
296,transcription_rev,Charles Kempf
296,translation_rev,Humberto Schubert Coelho
298,transcription_rev,Brutus Abel
298,transcription_rev,Charles Kempf
298,translation_rev,Brutus Abel
298,translation_rev,Humberto Schubert Coelho
299,transcription_rev,Brutus Abel
299,transcription_rev,Charles Kempf
299,translation_rev,Brutus Abel
299,translation_rev,Humberto Schubert Coelho
300,transcription_rev,Charles Kempf
300,translation_rev,Brutus Abel
300,translation_rev,Humberto Schubert Coelho
30,transcription,Canuto Abreu
30,translation,Brutus Abel
31,transcription,Canuto Abreu
31,translation,Canuto Abreu
32,transcription,Canuto Abreu
32,translation,Brutus Abel
33,transcription,Canuto Abreu
33,translation,Brutus Abel
34,transcription,Canuto Abreu
34,translation,Brutus Abel
35,transcription,Canuto Abreu
35,translation,Brutus Abel
36,transcription,Canuto Abreu
36,translation,Brutus Abel
37,transcription,Canuto Abreu
37,translation,Brutus Abel
38,transcription,Canuto Abreu
38,translation,Brutus Abel
39,edition,Brutus Abel
39,transcription,Canuto Abreu
39,translation,Brutus Abel
40,transcription,Canuto Abreu
40,translation,Brutus Abel
41,transcription,Brutus Abel
41,transcription,Canuto Abreu
41,translation,Brutus Abel
42,transcription,Canuto Abreu
42,translation,Brutus Abel
43,transcription,Canuto Abreu
43,translation,Brutus Abel
44,transcription,Canuto Abreu
44,translation,Brutus Abel
45,transcription,Canuto Abreu
45,translation,Brutus Abel
46,transcription,Brutus Abel
46,translation,Brutus Abel
47,transcription,Canuto Abreu
47,translation,Canuto Abreu
48,transcription,Canuto Abreu
48,translation,Canuto Abreu
49,transcription,Canuto Abreu
49,translation,Brutus Abel
50,edition,Brutus Abel
50,transcription,Canuto Abreu
50,translation,Brutus Abel
50,translation,Sara Imad
51,transcription,Canuto Abreu
51,translation,Sara Imad
52,transcription,Canuto Abreu
52,translation,Brutus Abel
53,transcription,Canuto Abreu
53,translation,Brutus Abel
54,transcription,Canuto Abreu
54,translation,Brutus Abel
55,transcription,Canuto Abreu
55,translation,Brutus Abel
56,edition,Brutus Abel
56,transcription,Canuto Abreu
56,translation,Brutus Abel
57,edition,Brutus Abel
57,transcription,Canuto Abreu
57,translation,Brutus Abel
58,transcription,Canuto Abreu
58,translation,Brutus Abel
59,transcription,Canuto Abreu
59,translation,Brutus Abel
61,transcription,Canuto Abreu
61,translation,Marcelo Gulão
63,transcription,Canuto Abreu
63,translation,Canuto Abreu
64,transcription,Brutus Abel
64,translation,Brutus Abel
65,transcription,Canuto Abreu
65,translation,Canuto Abreu
66,transcription,Canuto Abreu
66,translation,Canuto Abreu
67,transcription,Canuto Abreu
67,translation,Canuto Abreu
68,transcription,Canuto Abreu
68,translation,Canuto Abreu
69,transcription,Canuto Abreu
69,translation,Canuto Abreu
70,transcription,Canuto Abreu
70,translation,Canuto Abreu
71,transcription,Canuto Abreu
71,translation,Canuto Abreu
72,transcription,Canuto Abreu
72,translation,Canuto Abreu
73,transcription,Canuto Abreu
73,translation,Canuto Abreu
74,transcription,Canuto Abreu
74,translation,Canuto Abreu
75,transcription,Canuto Abreu
75,translation,Canuto Abreu
76,transcription,Canuto Abreu
76,translation,Fabio Fortes
77,transcription,Canuto Abreu
77,translation,Canuto Abreu
78,transcription,Canuto Abreu
78,translation,Sara Imad
80,edition,Flávio de Carvalho
80,transcription,Canuto Abreu
80,translation,Canuto Abreu
81,transcription,Canuto Abreu
81,translation,Humberto Schubert Coelho
82,translation,Canuto Abreu
83,transcription,Brutus Abel
83,translation,Brutus Abel
84,transcription,Brutus Abel
84,translation,Brutus Abel
85,transcription,Brutus Abel
85,translation,Brutus Abel
86,transcription,Philippe Gilbert
86,translation,Brutus Abel
87,transcription,Brutus Abel
87,translation,Brutus Abel
115,transcription,Brutus Abel
115,translation,Brutus Abel
120,edition,Brutus Abel
120,transcription,Brutus Abel
120,translation,Brutus Abel
124,edition,Brutus Abel
124,transcription,Brutus Abel
124,translation,Brutus Abel
126,transcription,Brutus Abel
126,translation,Brutus Abel
140,transcription,Brutus Abel
140,translation,Brutus Abel
141,edition,Brutus Abel
141,transcription,Brutus Abel
141,translation,Brutus Abel
142,edition,Brutus Abel
142,transcription,Brutus Abel
142,translation,Brutus Abel
144,transcription,Brutus Abel
144,translation,Brutus Abel
145,transcription,Alexandre Caroli
145,translation,Alexandre Caroli
149,edition,Brutus Abel
149,transcription,Brutus Abel
149,translation,Brutus Abel
154,edition,Brutus Abel
154,edition,Fábio Fortes
154,transcription,Charles Kempf
154,translation,Alexandre Caroli
155,edition,Brutus Abel
155,edition,Fábio Fortes
155,transcription,Charles Kempf
155,translation,Alexandre Caroli
156,edition,Brutus Abel
156,edition,Fábio Fortes
156,transcription,Charles Kempf
156,translation,Alexandre Caroli
157,edition,Brutus Abel
157,edition,Fábio Fortes
157,transcription,Charles Kempf
157,translation,Alexandre Caroli
158,edition,Brutus Abel
158,edition,Fábio Fortes
158,transcription,Charles Kempf
158,translation,Alexandre Caroli
159,edition,Brutus Abel
159,edition,Fábio Fortes
159,transcription,Charles Kempf
159,translation,Alexandre Caroli
160,edition,Brutus Abel
160,edition,Fábio Fortes
160,transcription,Charles Kempf
160,translation,Alexandre Caroli
161,edition,Brutus Abel
161,edition,Fábio Fortes
161,transcription,Charles Kempf
161,translation,Alexandre Caroli
162,edition,Brutus Abel
162,edition,Fábio Fortes
162,transcription,Charles Kempf
162,translation,Alexandre Caroli
163,edition,Brutus Abel
163,edition,Fábio Fortes
163,transcription,Charles Kempf
163,translation,Alexandre Caroli
164,edition,Brutus Abel
164,edition,Fábio Fortes
164,transcription,Charles Kempf
164,translation,Alexandre Caroli
165,edition,Brutus Abel
165,edition,Fábio Fortes
165,transcription,Charles Kempf
165,translation,Alexandre Caroli
166,edition,Brutus Abel
166,edition,Fábio Fortes
166,transcription,Charles Kempf
166,translation,Alexandre Caroli
167,edition,Brutus Abel
167,edition,Fábio Fortes
167,transcription,Charles Kempf
167,translation,Alexandre Caroli
168,edition,Brutus Abel
168,edition,Fábio Fortes
168,transcription,Charles Kempf
168,translation,Alexandre Caroli
169,edition,Brutus Abel
169,edition,Fábio Fortes
169,transcription,Charles Kempf
169,translation,Alexandre Caroli
170,edition,Brutus Abel
170,edition,Fábio Fortes
170,transcription,Charles Kempf
170,translation,Alexandre Caroli
171,edition,Brutus Abel
171,edition,Fábio Fortes
171,transcription,Charles Kempf
171,translation,Alexandre Caroli
172,edition,Brutus Abel
172,edition,Fábio Fortes
172,transcription,Charles Kempf
172,translation,Alexandre Caroli
173,edition,Brutus Abel
173,edition,Fábio Fortes
173,transcription,Charles Kempf
173,translation,Alexandre Caroli
174,edition,Brutus Abel
174,edition,Fábio Fortes
174,transcription,Charles Kempf
174,translation,Alexandre Caroli
175,edition,Brutus Abel
175,edition,Fábio Fortes
175,transcription,Charles Kempf
175,translation,Alexandre Caroli
176,edition,Fábio Fortes
176,transcription,Charles Kempf
176,translation,Alexandre Caroli
177,edition,Brutus Abel
177,edition,Fábio Fortes
177,transcription,Charles Kempf
177,translation,Alexandre Caroli
178,edition,Brutus Abel
178,edition,Fábio Fortes
178,transcription,Charles Kempf
178,translation,Alexandre Caroli
179,edition,Brutus Abel
179,edition,Fábio Fortes
179,transcription,Charles Kempf
179,translation,Alexandre Caroli
180,edition,Brutus Abel
180,edition,Fábio Fortes
180,transcription,Charles Kempf
180,translation,Alexandre Caroli
182,transcription,Heberth Souza
182,translation,Alexandre Caroli
183,transcription,Brutus Abel
183,translation,Marcelo Gulão
184,transcription,Brutus Abel
184,translation,Marcelo Gulão
185,transcription,Charles Kempf
185,translation,Alexandre Caroli
186,transcription,Charles Kempf
186,translation,Alexandre Caroli
187,transcription,Charles Kempf
187,translation,Alexandre Caroli
188,edition,Brutus Abel
188,transcription,Charles Kempf
188,translation,Isabela Monteiro
191,transcription,Charles Kempf
191,translation,Isabela Monteiro
192,transcription,Charles Kempf
192,translation,Isabela Monteiro
193,transcription,Charles Kempf
193,translation,Isabela Monteiro
205,edition,Brutus Abel
205,transcription,Victor Saliba
205,translation,Fábio Fortes
206,edition,Brutus Abel
206,transcription,Victor Saliba
206,translation,Fábio Fortes
207,edition,Brutus Abel
207,transcription,Victor Saliba
207,translation,Fábio Fortes
208,edition,Brutus Abel
208,transcription,Victor Saliba
208,translation,Fábio Fortes
209,edition,Brutus Abel
209,transcription,Victor Saliba
209,translation,Fábio Fortes
210,edition,Brutus Abel
210,transcription,Charles Kempf
210,translation,Isabela Monteiro
211,edition,Brutus Abel
211,transcription,Charles Kempf
211,translation,Isabela Monteiro
218,edition,Brutus Abel
218,transcription,Brutus Abel
218,translation,Brutus Abel
219,edition,Brutus Abel
219,transcription,Charles Kempf
219,translation,Isabela Monteiro
220,edition,Brutus Abel
220,transcription,Charles Kempf
220,translation,Isabela Monteiro
221,edition,Brutus Abel
221,transcription,Charles Kempf
221,translation,Isabela Monteiro
222,edition,Brutus Abel
222,transcription,Charles Kempf
222,translation,Isabela Monteiro
223,edition,Brutus Abel
223,transcription,Charles Kempf
223,translation,Isabela Monteiro
224,edition,Brutus Abel
224,transcription,Brutus Abel
224,translation,Brutus Abel
225,edition,Brutus Abel
225,transcription,Victor Saliba
225,translation,Fábio Fortes
226,edition,Brutus Abel
226,transcription,Brutus Abel
226,transcription,Charles Kempf
226,translation,Iara Rosa Farias
227,edition,Brutus Abel
227,transcription,Brutus Abel
227,transcription,Charles Kempf
227,translation,Iara Rosa Farias
228,edition,Brutus Abel
228,transcription,Brutus Abel
228,transcription,Charles Kempf
228,translation,Iara Rosa Farias
229,edition,Brutus Abel
229,transcription,Brutus Abel
229,translation,Brutus Abel
230,edition,Brutus Abel
230,transcription,Charles Kempf
230,translation,Isabela Monteiro
231,edition,Brutus Abel
231,transcription,Charles Kempf
231,translation,Isabela Monteiro
232,edition,Brutus Abel
232,transcription,Charles Kempf
232,translation,Isabela Monteiro
233,edition,Brutus Abel
233,transcription,Charles Kempf
233,translation,Karen Couto
234,edition,Brutus Abel
234,transcription,Charles Kempf
234,translation,Isabela Monteiro
235,edition,Brutus Abel
235,transcription,Charles Kempf
235,translation,Isabela Monteiro
236,edition,Brutus Abel
236,transcription,Isabela Monteiro
236,translation,Isabela Monteiro
237,edition,Brutus Abel
237,transcription,Karen Couto
237,translation,Karen Couto
238,edition,Brutus Abel
238,transcription,Charles Kempf
238,translation,Karen Couto
239,edition,Brutus Abel
239,transcription,Charles Kempf
239,translation,Isabela Monteiro
240,edition,Brutus Abel
240,transcription,Charles Kempf
240,translation,Isabela Monteiro
241,edition,Brutus Abel
241,transcription,Charles Kempf
241,translation,Karen Couto
242,edition,Brutus Abel
242,transcription,Charles Kempf
242,translation,Karen Couto
243,edition,Brutus Abel
243,transcription,Charles Kempf
243,translation,Isabela Monteiro
244,edition,Brutus Abel
244,transcription,Charles Kempf
244,translation,Brutus Abel
244,translation,Karen Couto
245,edition,Brutus Abel
245,transcription,Charles Kempf
245,translation,Brutus Abel
246,edition,Brutus Abel
246,transcription,Charles Kempf
246,translation,Isabela Monteiro
247,edition,Brutus Abel
247,transcription,Charles Kempf
247,translation,Brutus Abel
247,translation,Karen Couto
248,edition,Brutus Abel
248,transcription,Isabela Monteiro
248,translation,Isabela Monteiro
249,edition,Brutus Abel
249,transcription,Isabela Monteiro
249,translation,Isabela Monteiro
250,edition,Brutus Abel
250,transcription,Isabela Monteiro
250,translation,Isabela Monteiro
251,edition,Brutus Abel
251,transcription,Karen Couto
251,translation,Karen Couto
252,edition,Brutus Abel
252,transcription,Isabela Monteiro
252,translation,Isabela Monteiro
253,edition,Brutus Abel
253,transcription,Isabela Monteiro
253,translation,Isabela Monteiro
254,edition,Brutus Abel
254,transcription,Isabela Monteiro
254,translation,Isabela Monteiro
255,edition,Brutus Abel
255,transcription,Isabela Monteiro
255,translation,Isabela Monteiro
256,edition,Brutus Abel
256,transcription,Isabela Monteiro
256,translation,Isabela Monteiro
257,edition,Brutus Abel
257,transcription,Isabela Monteiro
257,translation,Isabela Monteiro
259,edition,Brutus Abel
259,transcription,Patrícia Saliba
259,translation,Guilherme Padilha
260,edition,Brutus Abel
260,transcription,Karen Couto
260,translation,Karen Couto
261,edition,Brutus Abel
261,transcription,Isabela Monteiro
261,translation,Isabela Monteiro
262,edition,Brutus Abel
262,transcription,Isabela Monteiro
262,translation,Isabela Monteiro
263,edition,Brutus Abel
263,transcription,Isabela Monteiro
263,translation,Isabela Monteiro
264,edition,Brutus Abel
264,transcription,Isabela Monteiro
264,translation,Isabela Monteiro
265,edition,Brutus Abel
265,transcription,Patrícia Saliba
265,translation,Guilherme Padilha
266,edition,Brutus Abel
266,transcription,Karen Couto
266,translation,Karen Couto
267,edition,Brutus Abel
267,transcription,Jacques Peccatte
267,translation,Guilherme Padilha
268,edition,Brutus Abel
268,transcription,Karen Couto
268,translation,Karen Couto
269,edition,Brutus Abel
269,transcription,Charles Kempf
269,translation,Isabela Monteiro
270,edition,Brutus Abel
270,transcription,Charles Kempf
270,translation,Isabela Monteiro
271,edition,Brutus Abel
271,transcription,Charles Kempf
271,translation,Isabela Monteiro
272,edition,Brutus Abel
272,transcription,Brutus Abel
272,transcription,Charles Kempf
272,translation,Iara Rosa Farias
273,edition,Brutus Abel
273,transcription,Charles Kempf
273,translation,André Alves Fernandes
274,edition,Brutus Abel
274,transcription,Jacques Peccatte
274,translation,Guilherme Padilha
275,edition,Brutus Abel
275,transcription,Charles Kempf
275,translation,Isabela Monteiro
276,edition,Brutus Abel
276,transcription,Charles Kempf
276,translation,Isabela Monteiro
277,edition,Brutus Abel
277,transcription,Charles Kempf
277,translation,Karen Couto
278,edition,Brutus Abel
278,transcription,Isabela Monteiro
278,translation,Isabela Monteiro
279,edition,Brutus Abel
279,transcription,Isabela Monteiro
279,translation,Isabela Monteiro
280,transcription,Brutus Abel
280,translation,Brutus Abel
281,transcription,Isabela Monteiro
281,translation,Isabela Monteiro
282,transcription,Isabela Monteiro
282,translation,Isabela Monteiro
283,edition,Brutus Abel
283,transcription,Isabela Monteiro
283,translation,Isabela Monteiro
284,transcription,Charles Kempf
284,translation,André Alves Fernandes
285,transcription,Charles Kempf
285,translation,André Alves Fernandes
286,transcription,Charles Kempf
286,translation,André Alves Fernandes
288,edition,Brutus Abel
288,transcription,Karen Kênnia
288,translation,Karen Kênnia
289,edition,Brutus Abel
289,transcription,Isabela Monteiro
289,translation,Isabela Monteiro
290,edition,Brutus Abel
290,transcription,Isabela Monteiro
290,translation,Isabela Monteiro
291,edition,Brutus Abel
291,transcription,Isabela Monteiro
291,translation,Isabela Monteiro
292,edition,Brutus Abel
292,transcription,Isabela Monteiro
292,translation,Isabela Monteiro
293,edition,Brutus Abel
293,transcription,Isabela Monteiro
293,translation,Isabela Monteiro
294,edition,Brutus Abel
294,transcription,Isabela Monteiro
294,translation,Isabela Monteiro
295,edition,Brutus Abel
295,transcription,Isabela Monteiro
295,translation,Isabela Monteiro
296,edition,Brutus Abel
296,transcription,Brutus Abel
296,transcription,Isabela Monteiro
296,translation,Brutus Abel
296,translation,Isabela Monteiro
298,edition,Brutus Abel
298,transcription,Isabela Monteiro
298,translation,Isabela Monteiro
299,edition,Brutus Abel
299,transcription,Karen Couto
299,translation,Karen Couto
300,edition,Brutus Abel
300,transcription,Karen Kênnia
300,translation,Karen Kênnia
300,transcription_rev,Brutus Abel
